id,y_true,prob_0,prob_1,pred_class
3105,2,12.876205,87.123795,1
3113,2,12.580182,87.419815,1
3116,2,1.2316839,98.76831,1
3176,2,3.7233512,96.27664,1
3321,2,14.223409,85.776596,1
3325,2,1.6343762,98.36563,1
3586,2,38.83508,61.16493,1
3835,2,31.293356,68.70664,1
3866,2,33.122246,66.87776,1
